Year,USRevenue,USRealRevenue,USADR,USRealADR,USRevpar,USRealRevpar,USORate,USAvailable,USOccupied,VARevenue,VARealRevenue,VAADR,VARealADR,VARevpar,VARealRevpar,VAORate,VAAvailable,VAOccupied,HRRevenue,HRRealRevenue,HRADR,HRRealADR,HRRevpar,HRRealRevpar,HRORate,HRAvailable,HROccupied,VABRevenue,VABRealRevenue,VABADR,VABRealADR,VABRevpar,VABRealRevpar,VABORate,VABAvailable,VABOccupied,NOPRevenue,NOPRealRevenue,NOPADR,NOPRealADR,NOPRevpar,NOPRealRevpar,NOPORate,NOPAvailable,NOPOccupied,WBRevenue,WBRealRevenue,WBADR,WBRealADR,WBRevpar,WBRealRevpar,WBORate,WBAvailable,WBOccupied,CSMRevenue,CSMRealRevenue,CSMADR,CSMRealADR,CSMRevpar,CSMRealRevpar,CSMORate,CSMAvailable,CSMOccupied,OCRevenue,OCRealRevenue,OCADR,OCRealADR,OCRevpar,OCRealRevpar,OCORate,OCAvailable,OCOccupied,MBRevenue,MBRealRevenue,MBADR,MBRealADR,MBRevpar,MBRealRevpar,MBORate,MBAvailable,MBOccupied,NORevenue,NORealRevenue,NOADR,NORealADR,NORevpar,NORealRevpar,NOORate,NOAvailable,NOOccupied,CHRevenue,CHRealRevenue,CHADR,CHRealADR,CHRevpar,CHRealRevpar,CHORate,CHAvailable,CHOccupied,SURevenue,SURealRevenue,SUADR,SURealADR,SURevpar,SURealRevpar,SUORate,SUAvailable,SUOccupied,HARevenue,HARealRevenue,HAADR,HARealADR,HARevpar,HARealRevpar,HAORate,HAAvailable,HAOccupied,NNRevenue,NNRealRevenue,NNADR,NNRealADR,NNRevpar,NNRealRevpar,NNORate,NNAvailable,NNOccupied,CCRevenue,CCRealRevenue,CCADR,CCRealADR,CCRevpar,CCRealRevpar,CCORate,CCAvailable,CCOccupied,CCGKRevenue,CCGKRealRevenue,CCGKADR,CCGKRealADR,CCGKRevpar,CCGKRealRevpar,CCGKORate,CCGKAvailable,CCGKOccupied,BWMRevenue,BWMRealRevenue,BWMADR,BWMRealADR,BWMRevpar,BWMRealRevpar,BWMORate,BWMAvailable,BWMOccupied,CVMRevenue,CVMRealRevenue,CVMADR,CVMRealADR,CVMRevpar,CVMRealRevpar,CVMORate,CVMAvailable,CVMOccupied,BKRevenue,BKRealRevenue,BKADR,BKRealADR,BKRevpar,BKRealRevpar,BKORate,BKAvailable,BKOccupied,LBRevenue,LBRealRevenue,LBADR,LBRealADR,LBRevpar,LBRealRevpar,LBORate,LBAvailable,LBOccupied,RIPRevenue,RIPRealRevenue,RIPADR,RIPRealADR,RIPRevpar,RIPRealRevpar,RIPORate,RIPAvailable,RIPOccupied,ROMRevenue,ROMRealRevenue,ROMADR,ROMRealADR,ROMRevpar,ROMRealRevpar,ROMORate,ROMAvailable,ROMOccupied,SHMRevenue,SHMRealRevenue,SHMADR,SHMRealADR,SHMRevpar,SHMRealRevpar,SHMORate,SHMAvailable,SHMOccupied,DCRevenue,DCRealRevenue,DCADR,DCRealADR,DCRevpar,DCRealRevpar,DCORate,DCAvailable,DCOccupied,POBKRevenue,POBKRealRevenue,POBKADR,POBKRealADR,POBKRevpar,POBKRealRevpar,POBKORate,POBKAvailable,POBKOccupied,VAPDCRevenue,VAPDCRealRevenue,VAPDCADR,VAPDCRealADR,VAPDCRevpar,VAPDCRealRevpar,VAPDCORate,VAPDCAvailable,VAPDCOccupied,MDRevenue,MDRealRevenue,MDADR,MDRealADR,MDRevpar,MDRealRevpar,MDORate,MDAvailable,MDOccupied,DCCBDRevenue,DCCBDRealRevenue,DCCBDADR,DCCBDRealADR,DCCBDRevpar,DCCBDRealRevpar,DCCBDORate,DCCBDAvailable,DCCBDOccupied,NHMRevenue,NHMRealRevenue,NHMADR,NHMRealADR,NHMRevpar,NHMRealRevpar,NHMORate,NHMAvailable,NHMOccupied
1991,44.859926,32.940000,58.266178,42.782484,36.100000,26.506761,61.960000,3404.425981,2109.352496,1.239167,0.910000,53.774105,39.484137,32.180000,23.628465,59.840000,105.496682,63.134058,347.260000,254.980000,52.166669,38.303863,29.720000,21.822187,56.970000,32.014740,18.237419,120.170000,88.240000,56.025787,41.137456,32.270000,23.694548,57.600000,10.202721,5.876570,58.350000,42.840000,46.804960,34.366978,28.250000,20.742826,60.350000,5.659082,3.415271,115.850000,85.060000,61.828920,45.398460,34.270000,25.163067,55.430000,9.261386,5.133414,14.480000,10.630000,38.532962,28.293187,22.960000,16.858594,59.580000,1.728353,1.029737,129.650000,95.200000,65.854747,48.354461,38.310000,28.129474,58.180000,9.270759,5.393819,305.540000,224.340000,61.826566,45.396732,39.280000,28.841706,63.530000,21.310395,13.539384,51.590000,37.880000,46.791986,34.357452,28.100000,20.632687,60.050000,5.030082,3.020608,11.760000,8.640000,39.511996,29.012051,23.740000,17.431316,60.090000,1.357353,0.815567,,,,,,,,,,19.840000,14.570000,38.822481,28.505769,22.850000,16.777825,58.860000,2.378575,1.400123,17.290000,12.690000,37.063984,27.214576,18.310000,13.444288,49.400000,2.586622,1.277888,73.210000,53.750000,51.253757,37.633548,28.250000,20.742826,55.110000,7.100466,3.913249,,,,,,,,,,26.090000,19.160000,40.756772,29.926039,25.160000,18.473964,61.740000,2.840940,1.753932,28.340000,20.810000,53.527998,39.303431,31.740000,23.305391,59.300000,2.446000,1.450463,36.090000,26.500000,40.445980,29.697838,24.360000,17.886557,60.230000,4.058422,2.444534,16.860000,12.380000,44.883071,32.955813,26.050000,19.127455,58.050000,1.772630,1.028934,134.600000,98.830000,46.184907,33.911698,26.930000,19.773603,58.320000,13.691696,7.984427,40.670000,29.860000,44.286528,32.517796,26.540000,19.487242,59.920000,4.199000,2.515923,29.630000,21.760000,40.550101,29.774290,25.610000,18.804381,63.160000,3.169575,2.002052,1.312099,0.960000,77.046267,56.571939,48.510000,35.618919,62.960000,74.106408,46.657573,9.970000,7.320000,40.931910,30.054636,24.700000,18.136205,60.360000,1.105444,0.667203,485.010000,356.120000,66.523008,48.845138,41.360000,30.368965,62.170000,32.130142,19.975005,207.520000,152.370000,57.079754,41.911341,34.470000,25.309919,60.390000,16.493175,9.960403,606.400000,445.250000,104.371869,76.636017,68.600000,50.370189,65.730000,24.217658,15.917674,38.410000,28.200000,37.816651,27.767228,20.380000,14.964205,53.890000,5.163197,2.782427
1992,46.439408,33.100000,59.174654,42.172220,36.990000,26.361801,62.500000,3430.534735,2144.222587,1.289636,0.920000,54.695432,38.979997,33.190000,23.653641,60.680000,106.164880,64.422131,357.820000,255.010000,53.164680,37.889070,30.570000,21.786435,57.500000,31.981817,18.389175,123.900000,88.300000,57.474786,40.960769,33.630000,23.967217,58.510000,10.066197,5.889740,60.110000,42.840000,46.316855,33.008805,28.440000,20.268440,61.400000,5.775178,3.545836,117.210000,83.530000,64.316350,45.836572,34.630000,24.679891,53.850000,9.246705,4.979216,16.320000,11.630000,39.305638,28.012095,24.790000,17.667181,63.080000,1.798798,1.134694,127.940000,91.180000,65.661043,46.794899,37.260000,26.554223,56.750000,9.381117,5.323557,325.240000,231.790000,63.736835,45.423567,41.570000,29.625846,65.230000,21.375577,13.942415,53.490000,38.120000,46.565182,33.185781,28.390000,20.232807,60.960000,5.147896,3.138336,13.480000,9.600000,40.697724,29.004198,25.770000,18.365602,63.320000,1.428811,0.904721,,,,,,,,,,20.790000,14.810000,40.353791,28.759086,23.940000,17.061409,59.330000,2.372077,1.407377,18.140000,12.920000,37.458344,26.695577,19.620000,13.982658,52.380000,2.525404,1.322795,76.810000,54.740000,53.704219,38.273585,30.260000,21.565507,56.340000,6.936104,3.907585,,,,,,,,,,26.920000,19.190000,41.142991,29.321529,25.000000,17.816843,60.770000,2.941768,1.787795,29.160000,20.780000,53.949428,38.448339,32.670000,23.283050,60.550000,2.439317,1.477025,37.800000,26.940000,41.112785,29.300001,24.670000,17.581661,60.010000,4.186292,2.512374,16.210000,11.550000,44.795399,31.924503,24.760000,17.645801,55.260000,1.789098,0.988730,134.270000,95.690000,46.786744,33.343683,27.260000,19.427485,58.250000,13.460410,7.841243,41.750000,29.750000,45.488621,32.418544,27.190000,19.377598,59.770000,4.195861,2.507738,29.290000,20.880000,40.298658,28.719794,25.340000,18.059152,62.890000,3.158000,1.985943,1.377351,0.980000,78.737089,56.113854,50.660000,36.104050,64.340000,74.282710,47.795202,10.960000,7.810000,41.841151,29.819088,24.310000,17.325098,58.100000,1.231388,0.715478,519.390000,370.160000,67.430928,48.056250,43.410000,30.937166,64.380000,32.689557,21.045238,203.290000,144.880000,57.325526,40.854396,33.990000,24.223780,59.300000,16.339798,9.689197,640.830000,456.700000,107.938282,76.924776,73.200000,52.167716,67.820000,23.919011,16.221303,40.280000,28.710000,38.759954,27.623200,21.600000,15.393752,55.740000,5.094940,2.839689
1993,48.445911,33.540000,60.552177,41.916708,38.320000,26.526680,63.290000,3463.426332,2191.969471,1.362421,0.940000,56.161891,38.877571,35.130000,24.318431,62.550000,106.259819,66.462499,366.820000,253.930000,54.979261,38.058906,31.500000,21.805596,57.300000,31.903230,18.279304,125.750000,87.050000,59.414121,41.128898,34.380000,23.799250,57.860000,10.021142,5.798693,57.760000,39.980000,48.863542,33.825353,27.410000,18.974329,56.110000,5.772205,3.238504,122.750000,84.980000,66.485081,46.023707,36.410000,25.204500,54.770000,9.236715,5.058501,18.340000,12.700000,40.295820,27.894424,27.070000,18.738967,67.190000,1.856000,1.246981,135.390000,93.730000,65.867717,45.596343,40.240000,27.855783,61.090000,9.218186,5.631663,337.850000,233.870000,65.581535,45.398236,43.170000,29.884050,65.830000,21.439208,14.113879,51.360000,35.550000,49.147947,34.022231,27.360000,18.939717,55.670000,5.143205,2.863052,15.290000,10.580000,41.378004,28.643557,28.210000,19.528122,68.180000,1.485000,1.012433,,,,,,,,,,22.520000,15.590000,41.376431,28.642467,26.240000,18.164407,63.430000,2.351167,1.491310,18.190000,12.590000,37.611016,26.035892,20.190000,13.976348,53.690000,2.468000,1.325123,82.330000,56.990000,55.954661,38.734118,32.970000,22.823190,58.920000,6.840904,4.030962,,,,,,,,,,28.690000,19.860000,42.471846,29.400759,26.600000,18.413614,62.630000,2.955000,1.850847,34.190000,23.670000,56.880960,39.375340,37.560000,26.000577,66.020000,2.494000,1.646644,39.060000,27.040000,41.283828,28.578363,25.470000,17.631382,61.710000,4.200704,2.592071,17.620000,12.200000,45.031026,31.172328,26.900000,18.621286,59.750000,1.794000,1.071841,142.870000,98.900000,47.323156,32.759035,28.840000,19.964234,60.940000,13.574290,8.271553,41.450000,28.690000,45.056591,31.190025,28.210000,19.528122,62.600000,4.026151,2.520532,31.000000,21.460000,41.010190,28.388940,27.050000,18.725123,65.950000,3.140000,2.070847,1.497047,1.040000,81.587674,56.478344,54.980000,38.059417,67.380000,74.604564,50.271058,11.430000,7.910000,42.262176,29.255616,25.600000,17.721373,60.570000,1.223164,0.740849,560.050000,387.690000,69.235908,47.927943,46.710000,32.334583,67.460000,32.849375,22.161562,218.550000,151.290000,58.641484,40.594047,36.520000,25.280646,62.280000,16.394797,10.210852,703.610000,487.070000,113.303655,78.433450,80.250000,55.552351,70.820000,24.022392,17.013564,42.210000,29.220000,39.382156,27.261948,23.050000,15.956158,58.530000,5.017167,2.936625
1994,51.884356,35.000000,62.817067,42.379536,40.530000,27.343566,64.520000,3507.483534,2262.902882,1.442549,0.970000,58.631215,39.555550,37.240000,25.123967,63.510000,106.141666,67.407611,387.140000,261.180000,56.840872,38.347696,33.490000,22.594029,58.920000,31.670548,18.660129,130.380000,87.960000,61.942298,41.789373,35.900000,24.219936,57.960000,9.949600,5.766855,61.210000,41.290000,49.369883,33.307393,29.100000,19.632316,58.940000,5.763000,3.396540,128.030000,86.370000,70.045079,47.255914,38.040000,25.663687,54.300000,9.221373,5.007559,20.060000,13.530000,42.351320,28.572319,29.610000,19.976387,69.920000,1.856000,1.297644,146.790000,99.030000,70.749693,47.731282,43.270000,29.192107,61.160000,9.293641,5.684219,373.060000,251.680000,67.330681,45.424645,46.290000,31.229550,68.760000,22.077422,15.179901,54.570000,36.820000,49.916492,33.676162,29.120000,19.645809,58.340000,5.134000,2.995249,16.650000,11.230000,43.603351,29.417002,30.720000,20.725249,70.450000,1.485000,1.046148,,,,,,,,,,23.930000,16.140000,42.994198,29.006037,29.600000,19.969641,68.850000,2.214575,1.524797,21.830000,14.730000,39.004014,26.314059,24.240000,16.353517,62.140000,2.468000,1.533562,88.920000,59.990000,57.683754,38.916346,35.250000,23.781413,61.110000,6.911252,4.223290,,,,,,,,,,30.480000,20.560000,43.304431,29.215335,28.260000,19.065610,65.260000,2.955000,1.928296,34.530000,23.300000,57.951281,39.096833,37.930000,25.589475,65.450000,2.494000,1.632444,39.910000,26.930000,42.409763,28.611747,25.530000,17.223815,60.200000,4.282693,2.578238,20.250000,13.660000,47.488657,32.038224,30.280000,20.428403,63.760000,1.832110,1.168082,156.010000,105.250000,49.482317,33.383247,31.200000,21.049081,63.050000,13.699186,8.637797,41.430000,27.950000,46.492760,31.366342,29.720000,20.050599,63.920000,3.819849,2.441649,33.020000,22.280000,42.490892,28.666482,28.410000,19.166807,66.850000,3.184559,2.128882,1.501668,1.010000,82.953256,55.964416,55.240000,37.267667,66.590000,74.482271,49.596099,11.530000,7.780000,43.719234,29.495182,25.630000,17.291280,58.630000,1.232693,0.722778,596.270000,402.270000,73.152436,49.352293,49.720000,33.543599,67.970000,32.855373,22.331600,229.760000,155.010000,60.780353,41.005467,38.560000,26.014505,63.450000,16.323668,10.356660,660.070000,445.320000,112.718923,76.045824,75.460000,50.909091,66.950000,23.965230,16.043603,47.470000,32.020000,40.747586,27.490360,26.650000,17.979423,65.390000,4.880575,3.191532
1995,55.448682,36.390000,65.821244,43.194517,42.630000,27.975500,64.760000,3563.624636,2307.981263,1.509622,0.990000,61.402297,40.294628,38.670000,25.376791,62.970000,106.962238,67.358236,408.160000,267.850000,60.399672,39.636666,35.270000,23.145576,58.390000,31.708173,18.513975,138.750000,91.050000,65.491077,42.977848,38.110000,25.009297,58.200000,9.973400,5.804296,61.320000,40.240000,51.570533,33.842633,29.150000,19.129389,56.520000,5.763000,3.257512,137.650000,90.330000,73.925923,48.513129,40.940000,26.866455,55.370000,9.212323,5.101318,21.240000,13.940000,44.307252,29.076180,30.860000,20.251559,69.650000,1.886151,1.313614,156.870000,102.950000,74.581797,48.943540,45.530000,29.878596,61.050000,9.439430,5.762647,419.300000,275.160000,71.585273,46.977102,50.440000,33.100733,70.460000,22.776507,16.047433,55.330000,36.310000,52.010280,34.131213,29.520000,19.372197,56.770000,5.134000,2.914375,17.820000,11.690000,45.556371,29.895901,32.220000,21.144045,70.720000,1.515151,1.071573,,,,,,,,,,24.810000,16.280000,46.512396,30.523283,30.690000,20.139998,65.980000,2.214575,1.461208,22.590000,14.830000,42.809180,28.093085,25.160000,16.510992,58.760000,2.460723,1.445984,91.170000,59.830000,59.106170,38.787818,35.920000,23.572132,60.770000,6.953836,4.225833,,,,,,,,,,32.100000,21.060000,46.099448,30.252290,29.780000,19.542820,64.600000,2.953132,1.907658,36.520000,23.970000,59.780330,39.230229,39.660000,26.026468,66.350000,2.522734,1.673718,43.200000,28.350000,43.178584,28.335503,26.510000,17.396916,61.390000,4.465315,2.741375,20.990000,13.770000,49.426036,32.435330,31.290000,20.533742,63.310000,1.837827,1.163474,162.570000,106.680000,51.818189,34.005155,32.460000,21.301542,62.640000,13.720934,8.595211,44.900000,29.460000,49.097093,32.219464,28.930000,18.985016,58.930000,4.251359,2.505482,35.160000,23.080000,44.475284,29.186449,29.960000,19.660943,67.350000,3.216000,2.166126,1.592542,1.050000,86.808065,56.966902,58.710000,38.527836,67.630000,74.319797,50.261786,11.010000,7.230000,42.191453,27.687708,24.910000,16.346932,59.040000,1.211000,0.714981,624.570000,409.870000,76.306915,50.075631,52.120000,34.203216,68.300000,32.830595,22.424532,238.770000,156.690000,63.487472,41.663002,40.630000,26.663021,64.000000,16.099373,10.303666,712.920000,467.850000,117.410012,77.049116,81.420000,53.431040,69.350000,23.988115,16.635819,49.200000,32.290000,44.380676,29.124364,27.660000,18.151591,62.320000,4.873299,3.037236
1996,60.186401,38.370000,70.079380,44.679235,45.180000,28.804590,64.470000,3639.981675,2346.535000,1.595908,1.020000,64.114822,40.876521,40.370000,25.737966,62.960000,108.020423,68.009311,416.180000,265.330000,62.431720,39.803456,35.700000,22.760599,57.190000,31.847415,18.213456,142.180000,90.640000,67.906466,43.293889,38.730000,24.692381,57.030000,10.030322,5.720462,63.910000,40.750000,53.283496,33.970989,30.180000,19.241313,56.650000,5.785150,3.277120,134.690000,85.870000,76.758008,48.937206,40.200000,25.629582,52.370000,9.154235,4.794486,22.910000,14.610000,46.057553,29.364076,30.780000,19.623844,66.820000,2.034210,1.359347,162.400000,103.540000,78.123699,49.807905,46.530000,29.665285,59.560000,9.535883,5.679495,406.750000,259.320000,73.863870,47.092044,47.780000,30.462225,64.680000,23.260811,15.045590,57.730000,36.810000,54.120438,34.504582,30.810000,19.642971,56.920000,5.119973,2.914533,19.530000,12.450000,47.633171,30.368614,32.060000,20.439911,67.310000,1.664224,1.120167,,,,,,,,,,26.110000,16.650000,49.443134,31.522559,32.300000,20.592923,65.340000,2.208525,1.442970,24.510000,15.620000,44.884550,28.616226,27.470000,17.513548,61.200000,2.437514,1.491694,89.910000,57.320000,60.109386,38.322847,35.110000,22.384444,58.410000,6.996590,4.086713,,,,,,,,,,33.390000,21.290000,48.052199,30.635766,30.910000,19.706726,64.320000,2.952046,1.898672,39.350000,25.090000,61.464002,39.186485,41.380000,26.381894,67.330000,2.597872,1.749164,48.120000,30.680000,46.840655,29.863344,28.410000,18.112847,60.650000,4.627533,2.806697,21.380000,13.630000,50.591885,32.254947,32.830000,20.930826,64.890000,1.779303,1.154642,176.860000,112.760000,55.291094,35.250936,35.190000,22.435448,63.640000,13.733530,8.739809,49.460000,31.540000,51.361496,32.745614,31.170000,19.872490,60.680000,4.336306,2.631350,38.060000,24.260000,45.696789,29.134070,32.260000,20.567421,70.600000,3.223098,2.275533,1.676368,1.070000,90.498018,57.697174,61.050000,38.922537,67.470000,75.018852,50.611492,12.230000,7.800000,47.464907,30.261337,27.670000,17.641058,58.290000,1.207691,0.703954,674.780000,430.210000,80.186661,51.123150,55.170000,35.173733,68.800000,33.419757,22.992232,252.540000,161.010000,66.846803,42.618299,42.840000,27.312719,64.090000,16.105003,10.322101,731.610000,466.440000,122.393730,78.032343,83.060000,52.955053,67.860000,24.067456,16.331923,52.480000,33.460000,46.831911,29.857769,29.610000,18.877909,63.220000,4.843497,3.062041
1997,65.393589,40.740000,74.179231,46.212791,47.430000,29.548334,63.940000,3777.439082,2415.238268,1.750179,1.090000,68.546750,42.703821,43.070000,26.832105,62.830000,111.332156,69.952416,454.330000,283.040000,66.223744,41.256616,38.110000,23.742083,57.550000,32.657581,18.795797,154.080000,95.990000,71.330490,44.438058,41.540000,25.878933,58.240000,10.161085,5.917888,69.120000,43.060000,59.680780,37.180426,32.650000,20.340567,54.710000,5.800063,3.173170,148.180000,92.310000,79.972249,49.821773,44.070000,27.455093,55.110000,9.211597,5.076408,26.620000,16.580000,46.981859,29.269147,31.380000,19.549372,66.790000,2.323937,1.552195,179.820000,112.030000,82.126351,51.163753,50.600000,31.523206,61.620000,9.735882,5.998932,445.670000,277.640000,77.211612,48.101928,49.480000,30.825459,64.090000,24.674849,15.813712,62.710000,39.070000,60.490666,37.684975,33.430000,20.826498,55.270000,5.139351,2.840395,22.880000,14.260000,48.641576,30.303131,32.250000,20.091372,66.300000,1.944115,1.288992,,,,,,,,,,26.920000,16.770000,52.696618,32.829375,32.820000,20.446475,62.290000,2.247332,1.399792,26.290000,16.380000,48.076295,29.950968,27.330000,17.026269,56.850000,2.635923,1.498392,100.130000,62.380000,61.898123,38.561804,38.520000,23.997508,62.230000,7.121351,4.431934,,,,,,,,,,34.800000,21.680000,50.824007,31.662760,30.680000,19.113280,60.360000,3.107608,1.875701,43.650000,27.200000,66.486665,41.420412,43.620000,27.174748,65.610000,2.741781,1.798879,50.190000,31.270000,51.083442,31.824385,27.740000,17.281695,54.300000,4.957233,2.691953,22.860000,14.240000,52.514853,32.716137,34.650000,21.586543,65.980000,1.807241,1.192362,193.190000,120.350000,58.445677,36.410971,36.980000,23.038106,63.270000,14.313953,9.055882,52.500000,32.710000,54.375523,33.875313,31.110000,19.381165,57.210000,4.624200,2.645422,39.800000,24.800000,46.972744,29.263468,32.600000,20.309418,69.400000,3.345288,2.321482,1.857481,1.160000,96.230718,59.950608,66.960000,41.715294,69.580000,76.001230,52.883195,12.610000,7.860000,50.811529,31.654986,26.470000,16.490499,52.090000,1.305734,0.680167,757.040000,471.630000,86.681369,54.001476,60.740000,37.840307,70.080000,34.144641,23.927696,283.200000,176.430000,71.382555,44.470494,47.640000,29.679161,66.730000,16.287863,10.869619,798.760000,497.620000,127.894371,79.676693,90.970000,56.673243,71.130000,24.055726,17.110860,56.330000,35.090000,50.169491,31.255004,29.900000,18.627349,59.600000,5.160899,3.076137
1998,70.265779,43.110000,77.521595,47.556830,49.010000,30.065948,63.230000,3927.557014,2483.294929,1.882340,1.150000,71.491988,43.857873,44.800000,27.483258,62.670000,115.101737,72.135282,492.050000,301.850000,68.593612,42.079819,40.580000,24.894433,59.160000,33.220742,19.653005,167.730000,102.890000,74.091711,45.452714,45.140000,27.691836,60.920000,10.180477,6.202129,73.100000,44.850000,60.768512,37.279390,34.670000,21.268851,57.050000,5.776942,3.295789,155.610000,95.460000,83.101659,50.980007,45.840000,28.121262,55.170000,9.299405,5.130068,31.700000,19.450000,50.798280,31.162996,35.630000,21.857778,70.140000,2.437595,1.709827,194.870000,119.550000,85.206924,52.271514,54.660000,33.532028,64.150000,9.767825,6.265951,461.120000,282.880000,77.836562,47.750051,48.400000,29.691734,62.180000,26.102762,16.230756,65.800000,40.370000,61.298513,37.604527,35.020000,21.483564,57.130000,5.147953,2.941005,27.640000,16.950000,52.354916,32.117939,37.270000,22.863862,71.190000,2.031595,1.446290,3.210000,1.970000,42.244969,25.915834,26.170000,16.054394,61.950000,0.336000,0.208145,29.100000,17.850000,55.913307,34.300889,34.470000,21.146158,61.650000,2.312575,1.425660,30.480000,18.700000,50.054850,30.706927,29.120000,17.864117,58.180000,2.867981,1.668499,101.160000,62.060000,63.897687,39.199031,39.320000,24.121466,61.530000,7.048888,4.337430,6.470000,3.970000,55.403453,33.988111,32.270000,19.796534,58.240000,549.000000,319.726027,36.240000,22.230000,53.021104,32.526622,31.090000,19.072645,58.630000,3.193986,1.872647,46.050000,28.250000,69.321338,42.526254,43.620000,26.759368,62.920000,2.892482,1.819901,55.500000,34.050000,52.910000,32.458463,28.580000,17.532846,54.010000,5.321178,2.873888,23.820000,14.620000,55.180728,33.851477,33.780000,20.722867,61.210000,1.932449,1.182904,213.890000,131.210000,61.417993,37.677824,38.170000,23.415981,62.150000,15.352652,9.540986,56.200000,34.470000,56.389164,34.592810,31.810000,19.514340,56.410000,4.840466,2.730315,39.890000,24.470000,50.131651,30.754042,32.010000,19.637033,63.850000,3.414312,2.179964,1.984296,1.220000,101.003466,61.962149,69.660000,42.734012,68.970000,78.040315,53.824178,15.120000,9.280000,54.167504,33.229899,28.160000,17.275190,51.980000,1.471279,0.764767,811.800000,498.010000,90.821379,55.715789,63.140000,38.734216,69.520000,35.225803,24.488918,305.680000,187.530000,75.823481,46.515095,50.130000,30.753029,66.110000,16.707110,11.045293,846.650000,519.390000,134.343123,82.414880,94.620000,58.046112,70.430000,24.515258,17.266164,63.910000,39.210000,52.814623,32.399953,31.680000,19.434589,59.990000,5.526323,3.315192
1999,75.029642,45.040000,80.315843,48.216025,50.400000,30.256641,62.760000,4078.340181,2559.403671,2.014066,1.210000,74.399880,44.664493,46.210000,27.741258,62.110000,119.413000,74.166644,497.330000,298.560000,70.344784,42.230097,40.420000,24.265346,57.450000,33.712786,19.369559,164.980000,99.040000,77.537334,46.548002,44.250000,26.564611,57.060000,10.215742,5.829482,73.120000,43.900000,62.671717,37.623723,35.060000,21.047576,55.940000,5.713575,3.196416,156.200000,93.770000,85.295483,51.205453,45.780000,27.483116,53.680000,9.346921,5.017118,34.750000,20.860000,52.619989,31.589367,35.400000,21.251688,67.280000,2.689121,1.809203,196.950000,118.230000,86.869433,52.150343,53.870000,32.339787,62.020000,10.015529,6.211381,457.940000,274.910000,76.910961,46.171971,46.660000,28.011406,60.660000,26.891400,16.312734,65.010000,39.030000,63.044501,37.847517,35.000000,21.011556,55.510000,5.088849,2.825060,30.260000,18.160000,53.938410,32.380855,36.630000,21.990095,67.910000,2.263000,1.536808,,,,,,,,,,30.620000,18.380000,57.371447,34.441811,36.270000,21.773976,63.220000,2.312575,1.462088,32.330000,19.410000,49.364704,29.635121,29.020000,17.421582,58.790000,3.051852,1.794101,99.680000,59.840000,68.190840,40.937020,39.060000,23.448897,57.290000,6.991099,4.004879,6.490000,3.890000,59.440081,35.683675,32.370000,19.432688,54.460000,549.000000,299.010959,38.780000,23.280000,54.988024,33.010970,31.010000,18.616239,56.390000,3.426362,1.932164,50.000000,30.020000,72.007432,43.228235,46.610000,27.981390,64.730000,2.939000,1.902523,57.050000,34.250000,54.570143,32.760104,28.890000,17.343539,52.940000,5.410342,2.864068,25.780000,15.480000,58.076907,34.865320,33.940000,20.375206,58.440000,2.081356,1.216268,223.230000,134.010000,61.512163,36.927608,37.060000,22.248237,60.260000,16.500992,9.942734,58.980000,35.410000,56.554108,33.951138,32.880000,19.738856,58.140000,4.914233,2.857362,40.450000,24.280000,53.129936,31.895504,30.610000,18.376107,57.620000,3.620458,2.085951,2.158473,1.300000,105.610140,63.400954,73.510000,44.130272,69.600000,80.449175,55.994866,15.760000,9.460000,55.722009,33.451604,28.690000,17.223473,51.490000,1.505000,0.774973,906.180000,544.010000,95.432205,57.290833,67.670000,40.624343,70.910000,36.685288,26.015082,333.580000,200.260000,78.992209,47.421407,52.660000,31.613387,66.660000,17.356414,11.569825,899.650000,540.090000,140.959171,84.622045,99.650000,59.822903,70.690000,24.735575,17.485918,68.290000,40.990000,53.188582,31.930711,32.550000,19.540747,61.200000,5.747427,3.517340
2000,81.945311,47.590000,84.682141,49.176621,53.510000,31.074332,63.190000,4184.344142,2643.937549,2.200739,1.280000,78.925479,45.833611,49.190000,28.565621,62.330000,122.235194,76.185137,519.110000,301.460000,73.262409,42.544953,42.070000,24.430894,57.430000,33.710404,19.359784,176.410000,102.440000,82.218321,47.745831,47.740000,27.723577,58.060000,10.097227,5.862342,76.420000,44.380000,64.474695,37.441751,37.620000,21.846690,58.350000,5.549574,3.238235,158.930000,92.300000,88.598815,51.451112,45.120000,26.202091,50.930000,9.623574,4.901268,38.730000,22.490000,53.893185,31.296855,37.760000,21.927991,70.070000,2.802347,1.963705,211.990000,123.100000,91.032038,52.864134,55.620000,32.299652,61.090000,10.414227,6.362560,442.360000,256.880000,74.813892,43.445930,44.640000,25.923345,59.670000,27.075918,16.155038,69.100000,40.130000,65.141362,37.828898,37.760000,21.927991,57.970000,5.000019,2.898484,33.730000,19.580000,54.852857,31.854156,38.820000,22.543554,70.780000,2.373522,1.679869,,,,,,,,,,30.610000,17.780000,60.314322,35.025739,35.990000,20.900116,59.670000,2.324046,1.386754,32.190000,18.690000,50.947551,29.586267,30.690000,17.822300,60.240000,2.865634,1.726383,100.750000,58.510000,72.163335,41.906699,39.240000,22.787456,54.370000,7.015981,3.814740,,,,,,,,,,41.150000,23.890000,56.374091,32.737568,31.260000,18.153310,55.450000,3.596320,1.994180,55.400000,32.170000,78.445990,45.555163,50.460000,29.303136,64.320000,2.999844,1.929617,60.110000,34.910000,56.638277,32.890986,29.110000,16.904762,51.400000,5.640913,2.899604,26.700000,15.500000,59.186227,34.370631,34.500000,20.034843,58.280000,2.114650,1.232516,237.340000,137.830000,63.190523,36.696006,37.990000,22.061556,60.120000,17.068951,10.262281,59.970000,34.830000,57.201106,33.217832,33.260000,19.314750,58.140000,4.927096,2.864672,42.760000,24.830000,55.148740,32.025981,30.990000,17.996516,56.200000,3.769363,2.118383,2.430574,1.410000,111.653474,64.839416,80.180000,46.562137,71.810000,82.826137,59.477877,16.490000,9.580000,58.910374,34.210438,30.020000,17.433217,50.960000,1.500888,0.764836,1036.920000,602.160000,102.495177,59.521009,74.300000,43.147503,72.490000,38.131645,27.641459,377.030000,218.950000,81.496188,47.326474,57.450000,33.362369,70.490000,17.931891,12.640172,994.980000,577.810000,149.544242,86.843346,108.550000,63.037166,72.590000,25.043555,18.178768,68.620000,39.850000,55.238221,32.077945,33.260000,19.314750,60.210000,5.637683,3.394235
2001,78.282499,44.210000,83.624802,47.227862,49.920000,28.192771,59.690000,4296.566411,2564.700844,2.138014,1.210000,78.513227,44.341054,46.480000,26.250000,59.190000,126.034649,74.606184,523.640000,295.730000,73.602771,41.567830,42.460000,23.979669,57.690000,33.786529,19.491414,176.920000,99.920000,84.270021,47.592256,48.350000,27.306099,57.370000,10.025970,5.751992,83.020000,46.890000,67.133178,37.914069,40.130000,22.663780,59.780000,5.667808,3.388038,152.620000,86.200000,85.991134,48.564270,43.940000,24.815512,51.100000,9.516671,4.862663,40.540000,22.890000,54.709794,30.897851,37.910000,21.410015,69.290000,2.929564,2.030030,219.720000,124.090000,96.423745,54.456181,55.580000,31.389307,57.650000,10.829934,6.242942,448.110000,253.070000,76.922248,43.442535,43.420000,24.521837,56.440000,28.275578,15.960129,71.860000,40.580000,66.627570,37.628522,40.130000,22.663780,60.230000,4.905808,2.954882,35.290000,19.930000,55.486308,31.336394,38.680000,21.844880,69.710000,2.499564,1.742384,,,,,,,,,,32.310000,18.250000,61.606165,34.792638,36.090000,20.382154,58.590000,2.452515,1.436907,31.790000,17.950000,50.789935,28.684075,31.880000,18.004518,62.760000,2.732000,1.714704,115.020000,64.960000,78.381308,44.266552,44.960000,25.391566,57.360000,7.009123,4.020397,,,,,,,,,,41.590000,23.490000,57.540402,32.496462,30.490000,17.219503,53.000000,3.736408,1.980123,57.360000,32.390000,79.053311,44.646072,50.510000,28.525979,63.890000,3.111178,1.987852,61.310000,34.630000,57.044860,32.216600,28.680000,16.197289,50.270000,5.858027,2.944803,25.300000,14.290000,60.396521,34.109481,31.310000,17.682605,51.840000,2.213753,1.147688,231.830000,130.930000,63.130534,35.653539,35.430000,20.009413,56.120000,17.929214,10.061033,59.690000,33.710000,58.112653,32.819646,32.770000,18.507154,56.390000,4.990290,2.814145,45.770000,25.850000,56.479515,31.897316,32.480000,18.343373,57.510000,3.860592,2.220326,2.295051,1.300000,112.488911,63.529129,73.360000,41.430723,65.210000,85.714151,55.897167,16.940000,9.570000,58.604152,33.097224,29.210000,16.496611,49.850000,1.589027,0.792099,963.670000,544.240000,101.825112,57.506652,65.950000,37.245858,64.760000,40.035616,25.928614,374.080000,211.260000,84.623303,47.791775,55.840000,31.536145,65.990000,18.352523,12.111011,936.880000,529.110000,151.805821,85.733709,100.410000,56.707455,66.140000,25.564249,16.908493,70.530000,39.830000,55.871831,31.554122,34.220000,19.326054,61.250000,5.646515,3.458690
2002,77.619268,43.150000,82.549002,45.892427,48.720000,27.085476,59.020000,4365.127989,2576.112652,2.202292,1.220000,78.722680,43.765215,46.840000,26.040306,59.500000,128.821518,76.644710,575.830000,320.130000,76.461127,42.507923,46.460000,25.829048,60.760000,33.960033,20.632942,193.550000,107.600000,87.336696,48.554105,52.680000,29.287005,60.320000,10.065693,6.071592,97.120000,53.990000,71.301173,39.639290,47.860000,26.607366,67.130000,5.559521,3.731893,158.060000,87.870000,89.210489,49.595824,45.500000,25.295344,51.000000,9.517307,4.854145,45.790000,25.460000,58.108575,32.304976,42.050000,23.377345,72.370000,2.983000,2.158868,243.200000,135.200000,100.539631,55.894166,59.610000,33.139680,59.290000,11.177271,6.627164,464.350000,258.150000,79.021087,43.931111,44.000000,24.461432,55.680000,28.914866,16.099526,83.530000,46.440000,70.739273,39.326907,47.630000,26.479500,67.340000,4.804556,3.235225,39.960000,22.210000,58.622534,32.590707,42.880000,23.838777,73.150000,2.553000,1.867397,,,,,,,,,,36.200000,20.120000,62.409380,34.695972,40.240000,22.371091,64.470000,2.464575,1.589000,37.410000,20.800000,53.817571,29.919428,35.420000,19.691452,65.820000,2.893066,1.904288,117.030000,65.060000,80.697105,44.862880,45.950000,25.545518,56.940000,6.977948,3.973408,11.000000,6.120000,74.109055,41.200308,42.400000,23.571925,57.210000,711.082192,406.783562,43.810000,24.360000,58.499830,32.522491,30.400000,16.900625,51.960000,3.948581,2.051874,58.380000,32.460000,77.749246,43.224042,50.800000,28.241835,65.340000,3.148701,2.057337,63.390000,35.240000,58.436926,32.487520,29.120000,16.189020,49.830000,5.964110,2.971803,24.930000,13.860000,59.396103,33.020766,29.710000,16.517026,50.030000,2.298518,1.149874,234.640000,130.450000,64.103842,35.637994,34.560000,19.213343,53.910000,18.600107,10.028162,60.030000,33.380000,60.062514,33.391251,32.300000,17.956915,53.780000,5.091940,2.738433,47.940000,26.650000,58.345057,32.436446,33.910000,18.851981,58.110000,3.874000,2.251293,2.288959,1.270000,110.745299,61.567922,72.180000,40.127867,65.180000,86.880638,56.626523,18.520000,10.290000,59.577137,33.121410,29.740000,16.533704,49.920000,1.705973,0.851553,955.510000,531.210000,98.858326,54.959458,63.790000,35.463516,64.520000,41.040605,26.480696,362.840000,201.720000,85.421637,47.489444,53.950000,29.993051,63.160000,18.425641,11.637296,949.110000,527.650000,148.397884,82.500561,101.530000,56.444753,68.420000,25.611392,17.522441,81.310000,45.200000,58.370429,32.450551,38.180000,21.225851,65.410000,5.834512,3.816444
2003,78.779574,42.820000,82.691546,44.951237,48.930000,26.598414,59.170000,4411.019121,2610.115077,2.327916,1.270000,79.874756,43.420026,48.970000,26.620159,61.310000,130.246559,79.848153,606.650000,329.780000,78.155778,42.485587,49.290000,26.794111,63.060000,33.721910,21.266016,209.830000,114.070000,90.579091,49.238917,56.390000,30.653681,62.250000,10.195710,6.346825,101.680000,55.270000,72.834125,39.592729,50.240000,27.310532,68.970000,5.545000,3.824622,151.840000,82.540000,87.129449,47.363687,45.250000,24.597961,51.940000,9.192899,4.774556,52.510000,28.550000,62.533160,33.993111,48.870000,26.565798,78.150000,2.944041,2.300647,253.790000,137.960000,104.276348,56.684765,60.450000,32.860702,57.970000,11.503321,6.668047,465.940000,253.280000,78.798281,42.834853,43.740000,23.777123,55.510000,29.185551,16.200063,87.080000,47.340000,72.432170,39.374226,49.760000,27.049604,68.690000,4.795000,3.293805,45.800000,24.890000,62.780980,34.127826,49.910000,27.131144,79.490000,2.514041,1.998515,,,,,,,,,,38.380000,20.860000,65.635431,35.679510,44.060000,23.951076,67.130000,2.386167,1.601877,42.350000,23.020000,56.882705,30.921516,39.210000,21.314609,68.920000,2.959751,2.039973,118.900000,64.640000,82.971474,45.103406,48.380000,26.299434,58.310000,6.732800,3.926189,13.010000,7.070000,81.554869,44.333338,49.580000,26.951755,60.800000,718.841096,437.027397,45.430000,24.690000,58.845174,31.988317,30.680000,16.677690,52.130000,4.056841,2.115005,60.690000,32.990000,77.955592,42.376766,52.920000,28.767384,67.880000,3.142192,2.132967,63.940000,34.760000,60.274621,32.765366,29.480000,16.025368,48.910000,5.942189,2.906433,27.060000,14.710000,58.759708,31.941857,30.730000,16.704870,52.290000,2.413101,1.261877,263.240000,143.100000,65.148279,35.414693,38.330000,20.836240,58.840000,18.813203,11.070151,60.680000,32.990000,61.282056,33.313009,32.310000,17.563760,52.730000,5.145052,2.712819,47.980000,26.080000,59.530638,32.360936,33.490000,18.205210,56.250000,3.925233,2.208027,2.352179,1.280000,110.558442,60.099719,73.360000,39.878596,66.360000,87.840510,58.288863,18.820000,10.230000,60.482098,32.878150,29.680000,16.134088,49.070000,1.737000,0.852342,1008.360000,548.140000,99.268756,53.962631,65.920000,35.834202,66.400000,41.911882,27.829756,367.970000,200.030000,85.836743,46.660970,54.790000,29.783918,63.830000,18.399175,11.744879,953.780000,518.480000,147.547917,80.207248,101.570000,55.213590,68.840000,25.726452,17.710118,90.790000,49.350000,61.884945,33.640740,42.560000,23.135674,68.770000,5.844260,4.019367
2004,85.434039,45.230000,86.209312,45.641566,52.820000,27.964352,61.270000,4419.050781,2707.669637,2.528892,1.340000,84.475581,44.723682,52.590000,27.842584,62.260000,131.377128,81.793355,599.550000,317.420000,79.685181,42.187513,48.280000,25.560752,60.590000,33.926071,20.557317,207.960000,110.100000,93.284163,49.387186,55.640000,29.457337,59.650000,10.211473,6.090891,102.360000,54.190000,74.851864,39.628623,49.580000,26.249007,66.230000,5.641393,3.736475,141.230000,74.770000,87.943811,46.559857,43.410000,22.982441,49.360000,8.889339,4.387784,56.620000,29.980000,64.954310,34.388587,49.230000,26.063708,75.790000,3.142301,2.381631,272.110000,144.060000,110.864719,58.694813,64.460000,34.126886,58.140000,11.533896,6.706145,483.840000,256.160000,82.015411,43.421200,44.900000,23.771287,54.750000,29.442874,16.118560,88.130000,46.660000,74.418208,39.399034,49.210000,26.053119,66.120000,4.893443,3.235710,50.430000,26.700000,65.384932,34.616571,50.770000,26.879026,77.650000,2.713475,2.107148,,,,,,,,,,37.720000,19.970000,65.279614,34.560812,41.720000,22.087708,63.900000,2.470232,1.578601,44.610000,23.620000,59.408506,31.452487,39.260000,20.785317,66.090000,3.103997,2.051473,112.950000,59.800000,83.564868,44.241525,47.790000,25.301332,57.180000,6.458273,3.693101,12.370000,6.550000,85.475072,45.252840,47.950000,25.386041,56.100000,705.068306,395.510929,45.340000,24.010000,60.883108,32.233181,30.660000,16.232242,50.350000,4.041219,2.034891,64.120000,33.950000,81.702294,43.255428,56.520000,29.923233,69.180000,3.099508,2.144358,68.010000,36.000000,62.948251,33.326525,30.420000,16.105180,48.330000,6.107399,2.951735,28.670000,15.180000,61.056436,32.324946,31.020000,16.422836,50.800000,2.525082,1.282842,274.520000,145.340000,67.547513,35.761500,39.860000,21.102974,59.010000,18.815801,11.104109,62.880000,33.290000,62.640585,33.163638,33.680000,17.831113,53.770000,5.101066,2.742765,49.910000,26.430000,60.265759,31.906340,34.690000,18.365834,57.560000,3.931230,2.262891,2.712315,1.440000,118.276136,62.618620,83.360000,44.133063,70.470000,88.905205,62.655902,20.680000,10.950000,63.710625,33.730146,30.250000,16.015177,47.480000,1.868087,0.886959,1175.280000,622.230000,105.312688,55.755416,75.570000,40.008824,71.760000,42.493637,30.491593,405.420000,214.640000,89.735267,47.508304,59.630000,31.569752,66.460000,18.574915,12.344063,1108.690000,586.970000,160.830786,85.148215,116.340000,61.593576,72.330000,26.038579,18.834757,91.380000,48.380000,63.039976,33.375087,41.330000,21.881232,65.550000,6.041566,3.960536
2005,92.732633,47.480000,91.037353,46.616097,57.370000,29.376574,63.020000,4428.382293,2790.744668,2.757489,1.410000,90.172451,46.173220,56.460000,28.910604,62.610000,133.815184,83.781293,626.590000,320.850000,81.971775,41.974026,48.440000,24.803926,59.100000,35.437647,20.942348,219.180000,112.230000,95.987271,49.150725,57.920000,29.658204,60.340000,10.367378,6.255896,105.010000,53.770000,77.257749,39.560187,49.330000,25.259654,63.850000,5.831567,3.723729,146.680000,75.110000,89.708700,45.935754,42.710000,21.869853,47.610000,9.408868,4.479567,60.610000,31.040000,67.131507,34.374998,47.320000,24.230425,70.490000,3.509422,2.473685,286.230000,146.570000,115.474952,59.129482,68.200000,34.922125,59.060000,11.498995,6.791066,519.070000,265.790000,86.801059,44.446883,48.730000,24.952422,56.140000,29.184142,16.383644,91.220000,46.710000,76.870473,39.361881,49.620000,25.408150,64.560000,5.036362,3.251263,52.650000,26.960000,66.989240,34.302150,48.840000,25.008748,72.910000,2.953668,2.153381,,,,,,,,,,38.530000,19.730000,67.846953,34.741346,40.120000,20.543631,59.130000,2.631233,1.555792,47.170000,24.150000,61.242804,31.359661,40.280000,20.625560,65.780000,3.208178,2.110208,116.440000,59.620000,87.451131,44.779756,50.310000,25.761468,57.530000,6.340784,3.647819,12.390000,6.340000,88.817761,45.479545,48.010000,24.583742,54.050000,707.000000,382.126027,48.390000,24.780000,62.656500,32.083550,33.190000,16.995093,52.970000,3.994244,2.115860,67.580000,34.600000,84.375556,43.204893,59.570000,30.503094,70.600000,3.108000,2.194290,73.010000,37.390000,66.031497,33.811733,32.190000,16.483038,48.740000,6.215110,3.029477,29.650000,15.180000,62.307994,31.905096,32.080000,16.426712,51.490000,2.532000,1.303816,294.530000,150.820000,70.709437,36.207094,42.630000,21.828888,60.290000,18.929277,11.412123,68.560000,35.100000,65.598812,33.590175,36.960000,18.925539,56.350000,5.081233,2.863195,54.390000,27.850000,62.360628,31.932048,37.910000,19.411991,60.780000,3.930827,2.389345,3.083394,1.580000,131.144380,67.153086,93.290000,47.769575,71.130000,90.557444,64.414918,22.180000,11.360000,65.442330,33.510047,31.580000,16.170685,48.260000,1.924110,0.928595,1323.960000,677.940000,116.703449,59.758540,83.980000,43.002347,71.960000,43.189934,31.081151,454.710000,232.840000,97.631317,49.992567,64.910000,33.237465,66.490000,19.191556,12.760003,1280.190000,655.530000,179.145743,91.732405,133.100000,68.154470,74.300000,26.351227,19.578359,95.120000,48.700000,64.993565,33.280255,41.230000,21.112012,63.440000,6.320411,4.009471
2006,100.087625,49.650000,97.839461,48.533485,61.790000,30.651069,63.150000,4438.119449,2802.679704,2.931817,1.450000,95.578458,47.411909,59.210000,29.371254,61.940000,135.670142,84.039611,656.850000,325.830000,84.332183,41.833169,49.570000,24.589310,58.780000,36.306871,21.339427,233.320000,115.740000,98.498549,48.860427,59.600000,29.564714,60.510000,10.725129,6.489885,108.410000,53.780000,81.255989,40.307216,53.450000,26.513993,65.780000,5.557318,3.655397,143.100000,70.980000,89.340730,44.317670,42.190000,20.928444,47.220000,9.292488,4.388216,70.160000,34.800000,72.739430,36.082558,51.070000,25.333388,70.210000,3.764066,2.642605,299.350000,148.490000,119.655792,59.355525,69.830000,34.639329,58.360000,11.744203,6.854104,548.340000,272.000000,91.231961,45.255819,52.080000,25.834401,57.080000,28.847921,16.466685,92.240000,45.760000,80.638174,40.000748,53.230000,26.404861,66.010000,4.747318,3.133901,60.500000,30.010000,72.598451,36.012625,51.850000,25.720309,71.420000,3.196668,2.283200,,,,,,,,,,42.530000,21.100000,70.559417,35.001158,41.310000,20.491918,58.550000,2.820800,1.651510,49.360000,24.480000,62.729088,31.116905,37.120000,18.413460,59.180000,3.642619,2.155699,114.360000,56.730000,88.417400,43.859650,51.960000,25.774875,58.770000,6.029638,3.543625,13.060000,6.480000,89.258068,44.276666,50.620000,25.110165,56.710000,707.000000,400.956164,54.110000,26.840000,65.609333,32.545658,37.420000,18.562275,57.040000,3.961263,2.259532,76.340000,37.870000,92.260284,45.765921,65.980000,32.729528,71.520000,3.170005,2.267074,80.210000,39.790000,69.070813,34.262732,34.700000,17.213013,50.240000,6.332570,3.181742,34.230000,16.980000,65.332669,32.408418,37.030000,18.368815,56.690000,2.532000,1.435266,316.460000,156.980000,75.660625,37.531623,45.660000,22.649746,60.340000,18.990356,11.459351,74.230000,36.820000,70.836824,35.138766,39.790000,19.737919,56.170000,5.110740,2.870885,59.420000,29.480000,66.561263,33.017864,40.980000,20.328221,61.570000,3.972742,2.445855,3.236732,1.610000,141.193920,70.039562,96.330000,47.784713,68.220000,92.060447,62.805523,23.450000,11.630000,67.904654,33.684256,32.930000,16.335001,48.500000,1.951000,0.946225,1398.940000,693.950000,126.701862,62.850744,87.400000,43.354967,68.980000,43.851789,30.249918,496.310000,246.190000,107.322792,53.237713,68.980000,34.217684,64.270000,19.712888,12.669636,1315.220000,652.420000,190.964396,94.728319,135.440000,67.185317,70.930000,26.604364,18.869189,101.860000,50.530000,67.029444,33.250106,40.050000,19.866893,59.750000,6.967871,4.163323
2007,107.468473,51.830000,104.322546,50.314136,65.550000,31.614371,62.830000,4492.001915,2822.344567,3.104723,1.500000,100.224263,48.337559,61.910000,29.858820,61.770000,137.392373,84.870570,708.310000,341.610000,87.781154,42.336323,52.780000,25.455476,60.130000,36.767323,22.106937,253.440000,122.230000,102.975045,49.664245,64.290000,31.006680,62.430000,10.800732,6.743019,109.280000,52.700000,85.933714,41.445313,54.050000,26.067990,62.900000,5.539068,3.484005,160.410000,77.360000,93.602251,45.143802,47.470000,22.894495,50.720000,9.257529,4.695044,74.310000,35.840000,74.374542,35.870394,52.900000,25.513352,71.130000,3.848518,2.737521,308.030000,148.560000,125.175219,60.371255,71.710000,34.585302,57.290000,11.767715,6.741789,593.080000,286.040000,97.126889,46.843714,54.350000,26.212678,55.960000,29.896855,16.729537,93.460000,45.070000,85.924009,41.440632,54.140000,26.111396,63.010000,4.729068,2.979868,62.230000,30.020000,73.766570,35.577173,53.600000,25.850957,72.670000,3.180792,2.311419,,,,,,,,,,43.680000,21.060000,71.500609,34.484314,41.710000,20.116482,58.340000,2.868477,1.673529,56.970000,27.480000,64.762042,31.234343,39.690000,19.142248,61.290000,3.932000,2.410019,124.220000,59.910000,96.189681,46.391704,56.620000,27.307485,58.860000,6.010797,3.537992,14.370000,6.930000,94.183759,45.424260,53.230000,25.672509,56.520000,739.421918,417.909589,56.410000,27.210000,71.277164,34.376547,38.580000,18.606902,54.130000,4.006252,2.168403,82.630000,39.850000,100.786682,48.608810,67.490000,32.550021,66.970000,3.354000,2.246068,84.460000,40.730000,72.377888,34.907420,36.990000,17.840054,51.110000,6.254803,3.196959,35.070000,16.910000,69.866088,33.695994,37.730000,18.196952,54.000000,2.546707,1.375178,346.360000,167.050000,80.110587,38.636854,50.010000,24.119522,62.430000,18.973553,11.845279,76.040000,36.680000,74.698377,36.026578,41.640000,20.082721,55.750000,5.003036,2.789071,62.060000,29.930000,70.748949,34.121793,41.970000,20.241878,59.320000,4.051507,2.403195,3.472826,1.670000,149.629979,72.165639,102.080000,49.232570,68.220000,93.211753,63.587477,25.160000,12.130000,70.375861,33.941854,35.330000,17.039446,50.200000,1.951000,0.979400,1469.590000,708.770000,132.565022,63.935312,90.270000,43.536678,68.100000,44.602233,30.372090,514.690000,248.230000,112.392506,54.206229,70.360000,33.934205,62.600000,20.041441,12.546184,1456.340000,702.380000,204.602988,98.678790,150.380000,72.527369,73.500000,26.533079,19.501005,110.870000,53.470000,68.298616,32.940012,41.490000,20.010377,60.740000,7.321477,4.447348
2008,107.829160,50.080000,107.389962,49.878641,64.250000,29.841734,59.820000,4585.770795,2743.414620,3.088881,1.430000,102.899226,47.792862,59.640000,27.700561,57.960000,141.510762,82.017784,666.800000,309.710000,88.246961,40.987430,48.140000,22.359239,54.550000,37.849016,20.645137,247.940000,115.160000,106.081805,49.271051,61.070000,28.364743,57.570000,11.093107,6.385855,103.160000,47.910000,86.426710,40.141991,50.680000,23.538974,58.640000,5.561093,3.261131,135.460000,62.910000,91.406912,42.455109,40.200000,18.671404,43.980000,9.205325,4.048923,70.180000,32.600000,75.103528,34.882794,44.360000,20.603569,59.060000,4.323117,2.553238,291.840000,135.550000,128.529523,59.697181,66.880000,31.063271,52.030000,11.923041,6.203776,547.940000,254.500000,99.252897,46.099278,49.590000,23.032710,49.960000,30.189440,15.083768,90.630000,42.090000,86.482046,40.167693,51.700000,24.012726,59.780000,4.789806,2.863265,56.550000,26.270000,73.837724,34.294875,44.130000,20.496743,59.770000,3.501055,2.092522,11.900000,5.530000,82.676587,38.400198,46.020000,21.374578,55.670000,0.706380,0.393210,44.470000,20.660000,71.201498,33.070447,39.140000,18.179074,54.960000,3.104967,1.706626,55.690000,25.860000,65.153327,30.261296,38.240000,17.761057,58.690000,3.978883,2.335210,116.150000,53.950000,100.206480,46.542181,52.520000,24.393586,52.410000,6.042087,3.166891,13.840000,6.430000,96.489166,44.815627,47.140000,21.894776,48.860000,801.803279,391.762295,55.700000,25.870000,74.991637,34.830825,36.210000,16.818198,48.280000,4.203661,2.029492,81.920000,38.050000,105.316322,48.915513,66.920000,31.081850,63.540000,3.344836,2.125265,83.560000,38.810000,76.003124,35.300623,36.100000,16.767107,47.500000,6.323117,3.003738,37.180000,17.270000,74.948210,34.810655,38.440000,17.853950,51.280000,2.642634,1.355265,339.000000,157.450000,82.602136,38.365619,47.220000,21.931933,57.160000,19.616546,11.213254,78.360000,36.390000,78.908513,36.650068,43.230000,20.078726,54.780000,4.952634,2.713148,61.190000,28.420000,74.368002,34.541170,40.990000,19.038330,55.120000,4.078798,2.248153,3.616734,1.680000,153.133560,71.124841,102.340000,47.533122,66.830000,96.555377,64.530505,25.850000,12.010000,75.095950,34.879274,36.300000,16.859999,48.340000,1.945669,0.940527,1505.150000,699.080000,134.709707,62.567646,88.990000,41.332544,66.060000,46.210112,30.528027,600.690000,279.000000,122.111396,56.716200,74.700000,34.695370,61.170000,21.971585,13.440352,1475.790000,685.450000,208.474668,96.828726,153.580000,71.332195,73.670000,26.254781,19.341516,110.070000,51.120000,68.412803,31.775201,39.230000,18.220875,57.340000,7.666374,4.395989
2009,92.443332,43.090000,98.182649,45.764902,53.560000,24.965391,54.550000,4728.681573,2579.573948,2.886277,1.350000,98.232677,45.788221,53.540000,24.956068,54.500000,147.701504,80.498742,659.440000,307.380000,86.923628,40.516847,45.810000,21.352960,52.700000,39.435784,20.784616,245.690000,114.520000,104.211697,48.575163,59.380000,27.678209,56.980000,11.335025,6.459208,93.330000,43.510000,84.687492,39.474539,46.440000,21.646616,54.840000,5.506060,3.019466,136.480000,63.610000,97.473582,45.434392,40.200000,18.738027,41.240000,9.301019,3.835967,72.510000,33.800000,69.200049,32.255531,37.940000,17.684595,54.830000,5.236104,2.870896,277.390000,129.290000,126.795541,59.101946,62.670000,29.211744,49.430000,12.126510,5.993584,482.350000,224.830000,91.673578,42.730894,43.610000,20.327496,47.570000,30.303479,14.415233,84.070000,39.190000,84.488049,39.381575,46.860000,21.842386,55.460000,4.915060,2.726115,58.020000,27.050000,67.588790,31.504491,38.640000,18.010879,57.160000,4.114499,2.351975,11.840000,5.520000,77.448939,36.100504,34.630000,16.141738,44.710000,0.936860,0.418893,43.050000,20.070000,68.680039,32.013144,36.570000,17.046011,53.240000,3.225575,1.717416,57.120000,26.630000,63.245775,29.480124,37.760000,17.600694,59.710000,4.144000,2.474403,109.420000,51.000000,100.934196,47.047454,49.940000,23.278036,49.480000,6.002578,2.970115,13.380000,6.230000,95.112678,44.333927,45.580000,21.245752,47.920000,804.000000,385.290411,54.840000,25.560000,74.600136,34.772620,34.710000,16.179027,46.530000,4.328427,2.013932,79.370000,36.990000,105.274040,49.070342,65.080000,30.335094,61.820000,3.341189,2.065455,80.970000,37.740000,74.979819,34.949598,34.250000,15.964612,45.680000,6.477025,2.958430,37.880000,17.660000,74.970101,34.945068,39.310000,18.323180,52.440000,2.639978,1.384279,292.560000,136.370000,77.712268,36.223247,37.480000,17.470180,48.230000,21.387375,10.314096,71.960000,33.540000,78.503039,36.591841,38.710000,18.043508,49.310000,5.093474,2.511400,58.130000,27.090000,74.099520,34.539273,37.260000,17.367634,50.280000,4.274444,2.149216,3.444268,1.610000,144.952721,67.565371,93.570000,43.614854,64.550000,100.848871,65.099501,25.040000,11.670000,74.855438,34.891621,35.160000,16.388781,46.970000,1.951000,0.916436,1383.740000,644.990000,125.104746,58.313832,78.940000,36.795518,63.100000,48.021970,30.303260,599.050000,279.230000,118.020316,55.011637,69.380000,32.339410,58.790000,23.655964,13.906271,1426.170000,664.770000,198.571052,92.557951,144.580000,67.391639,72.810000,27.025151,19.677192,111.420000,51.940000,66.375596,30.938997,37.890000,17.661289,57.080000,8.057575,4.599079
2010,99.095242,45.440000,98.055723,44.968241,56.460000,25.892491,57.580000,4808.320734,2768.770688,2.988456,1.370000,96.453475,44.233452,54.170000,24.842299,56.160000,151.142759,84.886019,645.310000,295.940000,85.421893,39.174381,44.630000,20.467266,52.250000,39.613696,20.696808,243.260000,111.560000,108.005457,49.531178,58.970000,27.043574,54.600000,11.301203,6.170578,90.240000,41.380000,81.839868,37.531669,45.600000,20.912107,55.720000,5.421674,3.020811,133.550000,61.250000,94.391709,43.287929,38.990000,17.880769,41.300000,9.384611,3.876268,77.920000,35.740000,66.418251,30.459333,39.180000,17.967903,58.990000,5.448885,3.214293,286.500000,131.390000,127.015163,58.249007,63.840000,29.276950,50.260000,12.295022,6.179808,527.390000,241.860000,95.694970,43.885602,47.880000,21.957713,50.030000,30.180551,15.099156,80.780000,37.040000,81.644442,37.442047,45.810000,21.008413,56.110000,4.830674,2.710592,62.070000,28.470000,64.693627,29.668422,39.820000,18.261406,61.550000,4.270885,2.628740,12.970000,5.950000,74.787081,34.297269,36.250000,16.624208,48.470000,0.980000,0.475003,40.910000,18.760000,65.717122,30.137796,34.750000,15.936310,52.880000,3.225575,1.705551,49.770000,22.830000,58.324438,26.747520,32.910000,15.092488,56.420000,4.143748,2.338008,117.480000,53.880000,103.065622,47.265775,53.630000,24.594656,52.040000,6.001153,3.122904,14.780000,6.780000,96.456025,44.234622,50.390000,23.108796,52.240000,803.413699,419.731507,57.890000,26.550000,75.888935,34.802578,36.200000,16.601278,47.700000,4.380748,2.089808,83.850000,38.450000,104.195942,47.784139,68.780000,31.542428,66.010000,3.340000,2.204827,84.500000,38.750000,74.110983,33.987211,34.820000,15.968412,46.990000,6.647370,3.123611,38.820000,17.800000,76.718163,35.182861,41.450000,19.008922,54.030000,2.566000,1.386441,312.780000,143.440000,74.133229,33.997413,38.190000,17.513890,51.510000,22.440948,11.559211,75.030000,34.410000,76.909402,35.270563,39.490000,18.110068,51.350000,5.205745,2.672937,61.140000,28.040000,74.637592,34.228713,38.410000,17.614782,51.470000,4.361030,2.244444,3.633615,1.670000,143.251121,65.694798,95.970000,44.011731,67.000000,103.726745,69.494107,25.640000,11.760000,74.186506,34.021846,36.010000,16.514144,48.540000,1.951000,0.947063,1457.700000,668.500000,121.458628,55.700786,80.270000,36.811729,66.090000,49.752907,32.881126,641.720000,294.290000,116.323048,53.345615,72.170000,33.097078,62.040000,24.361874,15.114285,1500.600000,688.170000,201.713155,92.505420,149.520000,68.569699,74.120000,27.496384,20.381534,100.340000,46.020000,62.268448,28.556238,34.120000,15.647393,54.790000,8.057323,4.414858
2011,107.605740,47.840000,101.767926,45.242421,61.060000,27.145117,60.000000,4828.210162,2896.887630,3.067539,1.360000,96.573476,42.933153,55.400000,24.628881,57.370000,151.687674,87.024066,645.960000,287.170000,84.176453,37.421874,45.210000,20.098767,53.710000,39.145184,21.024290,249.490000,110.920000,108.994698,48.455189,61.020000,27.127334,55.980000,11.202753,6.271373,89.520000,39.800000,81.838295,36.382412,46.360000,20.610017,56.640000,5.291000,2.997011,122.050000,54.260000,88.236370,39.226770,36.110000,16.053229,40.920000,9.260707,3.789573,84.020000,37.350000,66.874844,29.730191,42.230000,18.773965,63.150000,5.450299,3.442008,291.150000,129.440000,130.038570,57.810550,65.110000,28.945604,50.070000,12.251427,6.134192,561.010000,249.400000,101.363704,45.062719,51.260000,22.788384,50.570000,29.983452,15.163323,80.550000,35.810000,81.852746,36.388837,46.950000,20.872310,57.360000,4.700000,2.695959,67.040000,29.800000,65.433457,29.089401,42.960000,19.098497,65.660000,4.275323,2.807093,13.890000,6.170000,73.099570,32.497484,38.950000,17.315793,53.280000,0.976975,0.520567,40.160000,17.850000,64.974561,28.885392,35.400000,15.737588,54.480000,3.108425,1.693433,50.380000,22.400000,56.822848,25.261429,33.310000,14.808448,58.620000,4.144000,2.429299,120.190000,53.430000,100.529577,44.691895,55.040000,24.468838,54.750000,5.983342,3.275597,16.030000,7.130000,94.136473,41.849747,54.690000,24.313240,58.100000,803.000000,466.528767,61.410000,27.300000,78.497610,34.897262,38.820000,17.257999,49.450000,4.334575,2.143386,89.470000,39.770000,109.875922,48.846950,73.430000,32.644382,66.830000,3.338222,2.230811,90.400000,40.190000,74.369785,33.062177,37.070000,16.480011,49.840000,6.681723,3.330447,40.390000,17.960000,79.034690,35.136029,43.150000,19.182964,54.600000,2.564660,1.400274,340.670000,151.450000,74.909037,33.301909,41.560000,18.476107,55.480000,22.456145,12.459748,78.410000,34.860000,78.602631,34.943951,41.300000,18.360520,52.540000,5.201814,2.732929,65.500000,29.120000,75.132044,33.401050,40.380000,17.951520,53.740000,4.444589,2.388490,3.730034,1.660000,144.648913,64.305792,97.370000,43.287259,67.310000,104.953868,70.648786,27.520000,12.230000,75.848147,33.719404,38.650000,17.182423,50.960000,1.950499,0.994005,1475.740000,656.060000,121.808949,54.151952,79.730000,35.445139,65.460000,50.709945,33.192312,652.920000,290.270000,116.136209,51.630052,73.200000,32.542132,63.030000,24.438460,15.402863,1564.860000,695.680000,205.924919,91.546938,154.830000,68.831943,75.190000,27.689463,20.819619,100.880000,44.850000,61.085709,27.156546,34.810000,15.475295,56.980000,7.940425,4.524326
2012,115.192243,50.170000,106.052933,46.191526,65.130000,28.367476,61.410000,4832.359809,2967.696361,3.146438,1.370000,97.486831,42.460546,57.030000,24.839508,58.500000,150.733538,88.184489,663.950000,289.180000,85.794764,37.368048,47.180000,20.549325,54.990000,38.448918,21.144189,264.320000,115.130000,113.955054,49.633307,64.340000,28.023391,56.460000,11.224590,6.337530,92.780000,40.410000,80.731452,35.162714,48.050000,20.928255,59.520000,5.276041,3.140137,119.540000,52.070000,85.700280,37.326895,37.060000,16.141543,43.250000,8.812667,3.811085,85.110000,37.070000,68.721635,29.931819,42.830000,18.654675,62.320000,5.429440,3.383814,312.740000,136.210000,135.404056,58.975454,68.980000,30.044350,50.940000,12.387710,6.310615,598.190000,260.540000,106.980335,46.595457,54.580000,23.772407,51.020000,29.946579,15.277456,83.720000,36.470000,80.599087,35.105062,48.810000,21.259274,60.560000,4.686656,2.838183,66.620000,29.020000,66.986504,29.176080,42.720000,18.606765,63.780000,4.260642,2.717240,15.230000,6.630000,75.638878,32.944635,42.830000,18.654675,56.630000,0.971339,0.550038,38.910000,16.950000,66.049544,28.767985,36.810000,16.032655,55.730000,2.887716,1.609383,52.650000,22.930000,58.459244,25.462018,34.810000,15.161552,59.550000,4.132344,2.460833,123.820000,53.930000,107.169961,46.678049,57.330000,24.970174,53.500000,5.901123,3.156836,15.790000,6.880000,99.742324,43.442930,53.870000,23.463165,54.010000,800.806011,432.543716,67.830000,29.540000,80.972268,35.267602,41.880000,18.240901,51.730000,4.424943,2.288896,90.460000,39.400000,107.790826,46.948468,74.550000,32.470373,69.170000,3.315180,2.292989,88.010000,38.330000,77.044114,33.556688,36.300000,15.810523,47.120000,6.623923,3.120997,42.960000,18.710000,81.538142,35.514069,46.090000,20.074574,56.520000,2.546831,1.439459,354.060000,154.210000,76.582152,33.355479,44.200000,19.251381,57.710000,21.887992,12.631951,81.840000,35.650000,78.503507,34.192329,42.320000,18.432544,53.900000,5.284311,2.848369,70.990000,30.920000,78.685531,34.271610,43.560000,18.972628,55.360000,4.452475,2.464940,3.718263,1.620000,143.528444,62.514045,96.910000,42.209307,67.520000,104.835653,70.781710,26.890000,11.710000,79.486516,34.620480,37.870000,16.494339,47.640000,1.940169,0.924377,1491.400000,649.580000,121.438331,52.892661,80.270000,34.961728,66.100000,50.767426,33.555112,651.880000,283.930000,116.401145,50.698706,73.450000,31.991266,63.100000,24.248030,15.301385,1536.500000,669.220000,203.348373,88.568711,152.210000,66.295311,74.850000,27.581030,20.644790,102.190000,44.510000,62.439754,27.195735,36.230000,15.780035,58.030000,7.706180,4.471623
2013,121.861234,52.310000,110.032716,47.233041,68.510000,29.408850,62.270000,4873.097655,3034.246597,3.085284,1.320000,97.775992,41.971676,55.790000,23.948617,57.060000,151.512992,86.451005,658.900000,282.840000,88.716144,38.082613,47.170000,20.248365,53.170000,38.269214,20.348107,261.570000,112.280000,118.555130,50.891404,63.290000,27.168094,53.380000,11.323690,6.044748,87.480000,37.550000,80.061004,34.367276,45.310000,19.449934,56.590000,5.290000,2.993586,126.060000,54.110000,93.764869,40.249847,40.930000,17.569760,43.650000,8.437233,3.683233,82.100000,35.240000,68.582113,29.439806,40.750000,17.492492,59.420000,5.519096,3.279674,313.390000,134.530000,137.346080,58.957675,68.690000,29.486118,50.010000,12.499671,6.251384,636.730000,273.330000,111.345336,47.796501,58.470000,25.099044,52.520000,29.832825,15.667205,78.720000,33.790000,80.260862,34.453068,45.900000,19.703200,57.190000,4.699000,2.687263,64.630000,27.740000,66.784114,28.667990,40.730000,17.483907,60.990000,4.347096,2.651458,14.470000,6.210000,75.125600,32.248687,40.710000,17.475322,54.190000,0.974000,0.527789,39.340000,16.890000,68.463182,29.388753,37.450000,16.075922,54.710000,2.877575,1.574181,51.890000,22.270000,59.654927,25.607690,34.410000,14.770961,57.690000,4.131101,2.383077,128.000000,54.940000,111.073281,47.679718,58.830000,25.253579,52.970000,5.960622,3.157118,15.640000,6.710000,105.445138,45.263761,53.430000,22.935555,50.670000,801.726027,406.246575,69.460000,29.820000,83.484451,35.836837,42.570000,18.273752,51.000000,4.470000,2.279534,93.110000,39.970000,112.023926,48.087795,76.220000,32.718473,68.040000,3.347060,2.277263,91.320000,39.200000,77.038655,33.069892,37.680000,16.174653,48.910000,6.640000,3.247471,46.290000,19.870000,86.870254,37.290239,51.930000,22.291660,59.780000,2.442079,1.459882,349.420000,149.990000,78.465982,33.682591,43.720000,18.767405,55.720000,21.894841,12.200455,84.470000,36.260000,79.447756,34.104031,43.840000,18.818917,55.180000,5.279000,2.912816,71.190000,30.560000,80.231617,34.440514,43.910000,18.848965,54.730000,4.442126,2.431071,3.689259,1.580000,144.375785,61.975271,95.370000,40.938871,66.050000,105.985814,70.008679,26.800000,11.500000,78.991554,33.908200,37.800000,16.226165,47.860000,1.942000,0.929356,1421.360000,610.140000,118.307126,50.784945,75.280000,32.314965,63.630000,51.726816,32.915496,619.290000,265.840000,114.516077,49.157585,69.950000,30.026990,61.090000,24.254775,14.816200,1613.380000,692.570000,209.152618,89.781609,159.130000,68.308719,76.080000,27.777222,21.133948,101.690000,43.650000,64.095689,27.513947,36.190000,15.535050,56.460000,7.699195,4.346866
2014,132.708154,56.060000,115.140937,48.636817,74.120000,31.309116,64.370000,4905.565433,3157.729948,3.304348,1.400000,100.344565,42.386665,59.890000,25.298205,59.680000,151.161575,90.219214,711.950000,300.740000,93.142243,39.344323,51.180000,21.619003,54.940000,38.113819,20.941575,276.470000,116.780000,120.991776,51.108277,67.140000,28.360686,55.490000,11.281112,6.260373,91.510000,38.650000,81.668654,34.497751,47.410000,20.026513,58.050000,5.288126,3.069855,151.390000,63.950000,112.629877,47.576117,49.780000,21.027628,44.200000,8.332241,3.682534,87.450000,36.940000,69.534925,29.372329,43.490000,18.370662,62.550000,5.508488,3.445622,326.710000,138.010000,137.447543,58.059377,71.400000,30.160157,51.950000,12.535616,6.512241,688.440000,290.810000,115.772982,48.903800,64.070000,27.063883,55.340000,29.438181,16.291797,81.900000,34.590000,81.618313,34.476487,47.770000,20.178581,58.530000,4.697126,2.749049,68.820000,29.070000,67.360801,28.453955,43.170000,18.235490,64.090000,4.367592,2.799233,15.230000,6.430000,78.620985,33.210382,44.250000,18.691694,56.290000,0.942896,0.530734,41.150000,17.380000,68.470018,28.922500,38.920000,16.440243,56.840000,2.896605,1.646378,53.130000,22.440000,59.572767,25.164202,35.360000,14.936459,59.350000,4.117000,2.443573,139.570000,58.960000,115.522514,48.798000,62.910000,26.573886,54.460000,6.078485,3.310052,15.570000,6.580000,107.539153,45.425739,54.130000,22.865116,50.340000,788.000000,396.654795,72.590000,30.660000,83.803220,35.399416,44.440000,18.771952,53.030000,4.475014,2.373055,102.360000,43.240000,117.519157,49.641404,79.980000,33.784445,68.050000,3.506616,2.386386,98.390000,41.560000,78.272071,33.062997,41.420000,17.496270,52.910000,6.508904,3.444030,49.660000,20.980000,92.495443,39.071108,54.350000,22.958047,58.760000,2.503422,1.470907,383.200000,161.870000,80.679538,34.079938,48.670000,20.558751,60.330000,21.569430,13.012732,89.910000,37.980000,82.191697,34.718691,45.910000,19.392897,55.860000,5.365466,2.996989,75.620000,31.940000,82.454787,34.829823,47.580000,20.098323,57.710000,4.354044,2.512696,3.909797,1.650000,145.276391,61.366370,100.300000,42.367840,69.040000,106.801556,73.733740,29.010000,12.260000,79.456941,33.563499,40.930000,17.289289,51.510000,1.942000,1.000370,1519.280000,641.760000,119.514792,50.484382,80.670000,34.075909,67.500000,51.600142,34.827644,667.540000,281.970000,116.127661,49.053621,74.780000,31.587907,64.390000,24.457460,15.748742,1682.440000,710.680000,210.205172,88.793012,161.610000,68.265868,76.880000,28.521973,21.928205,105.130000,44.410000,64.245825,27.138154,37.390000,15.793953,58.190000,7.703852,4.483192
2015,142.306650,60.040000,120.300203,50.755939,78.680000,33.195931,65.400000,4955.472762,3240.902542,3.541385,1.490000,104.445295,44.066584,64.320000,27.137294,61.580000,150.854140,92.894797,754.050000,318.140000,96.333529,40.644143,54.960000,23.188210,57.050000,37.591268,21.445112,286.340000,120.810000,125.380990,52.899577,71.110000,30.002067,56.720000,11.031986,6.256918,97.820000,41.270000,83.575606,35.261440,51.590000,21.766371,61.730000,5.194932,3.206630,163.460000,68.970000,116.795156,49.277122,54.420000,22.960378,46.600000,8.229088,3.834414,94.850000,40.020000,72.079294,30.411023,47.410000,20.002785,65.780000,5.480751,3.605145,359.460000,151.660000,139.550960,58.878038,77.930000,32.879498,55.840000,12.637173,7.057137,716.800000,302.430000,120.072796,50.659993,66.750000,28.162537,55.590000,29.420247,16.355447,88.000000,37.130000,83.634809,35.286418,51.910000,21.901383,62.070000,4.644205,2.882800,74.960000,31.630000,69.709601,29.411224,47.020000,19.838239,67.450000,4.368041,2.946151,16.040000,6.770000,82.726057,34.903006,48.040000,20.268588,58.070000,0.914710,0.531148,43.170000,18.210000,71.365728,30.109962,41.440000,17.483978,58.060000,2.854189,1.657192,56.500000,23.840000,62.666966,26.439861,37.660000,15.889156,60.100000,4.110323,2.470230,150.880000,63.660000,120.809228,50.970702,67.480000,28.470532,55.850000,6.125937,3.421575,17.820000,7.520000,107.481236,45.347480,61.960000,26.141585,57.640000,788.000000,454.235616,76.830000,32.410000,86.583922,36.530680,47.880000,20.201083,55.300000,4.396277,2.431025,108.840000,45.920000,122.214005,51.563392,84.270000,35.554412,68.960000,3.538468,2.439953,102.350000,43.180000,81.590486,34.423896,43.330000,18.281389,53.110000,6.471304,3.436967,53.060000,22.390000,94.999889,40.081466,55.150000,23.268373,58.050000,2.635827,1.530140,416.750000,175.830000,86.850122,36.642993,53.750000,22.677698,61.890000,21.242438,13.146496,98.310000,41.480000,84.740789,35.753042,49.020000,20.682061,57.850000,5.494578,3.178512,81.720000,34.480000,85.319964,35.997403,51.470000,21.715742,60.320000,4.350159,2.624137,4.146122,1.750000,149.601625,63.118521,105.600000,44.553766,70.590000,107.566003,75.929912,30.720000,12.960000,83.040586,35.035709,41.660000,17.576798,50.170000,2.020356,1.013652,1629.350000,687.440000,124.197077,52.400071,86.140000,36.343385,69.360000,51.819956,35.942592,703.420000,296.780000,118.938502,50.181422,78.410000,33.082015,65.930000,24.577479,16.203096,1768.720000,746.240000,215.528622,90.933824,167.220000,70.551901,77.580000,28.978970,22.483323,111.580000,47.080000,67.303193,28.395935,39.940000,16.851112,59.340000,7.654512,4.542005
2016,149.156459,62.150000,123.972354,51.653605,81.190000,33.828157,65.490000,5019.334328,3287.275713,3.760775,1.570000,107.206343,44.667976,68.040000,28.349153,63.470000,151.017085,95.846399,804.700000,335.280000,99.298034,41.372945,59.460000,24.774260,59.880000,36.978913,22.141842,320.280000,133.450000,127.036064,52.930113,79.360000,33.065679,62.470000,11.027347,6.888454,101.570000,42.320000,86.164202,35.900679,54.680000,22.782653,63.460000,5.075090,3.220667,164.210000,68.420000,118.457678,49.355892,56.350000,23.478466,47.570000,7.962281,3.787555,101.810000,42.420000,75.745778,31.559798,49.930000,20.803545,65.920000,5.570738,3.672372,383.200000,159.660000,138.600437,57.748458,81.490000,33.953153,58.790000,12.848199,7.554041,755.990000,314.990000,123.001702,51.249179,70.630000,29.428288,57.420000,29.244855,16.792932,91.690000,38.200000,86.202001,35.916428,55.110000,22.961814,63.930000,4.545541,2.906128,79.660000,33.190000,73.321470,30.549700,49.660000,20.691049,67.730000,4.382992,2.968568,18.280000,7.620000,86.322880,35.966793,50.440000,21.016039,58.430000,0.990287,0.578620,43.360000,18.070000,75.974126,31.654941,46.340000,19.307757,60.990000,2.556571,1.559377,60.850000,25.350000,64.433385,26.846442,40.560000,16.899495,62.960000,4.098770,2.580440,157.790000,65.750000,120.868154,50.360227,70.300000,29.290792,58.160000,6.132609,3.566973,19.130000,7.970000,108.983242,45.408328,66.520000,27.715839,61.040000,785.846995,479.674863,79.240000,33.020000,90.985392,37.909448,49.150000,20.478555,54.020000,4.404973,2.379533,123.210000,51.340000,125.933581,52.470759,90.910000,37.878036,72.190000,3.703265,2.673208,108.800000,45.330000,83.571342,34.820353,45.240000,18.849437,54.130000,6.571322,3.557085,57.350000,23.900000,96.848703,40.352421,58.210000,24.253442,60.100000,2.692038,1.617973,450.580000,187.740000,90.236119,37.597260,57.380000,23.907619,63.590000,21.453915,13.643096,99.800000,41.580000,84.941454,35.391216,49.290000,20.536887,58.030000,5.531926,3.210041,91.580000,38.160000,89.630243,37.344820,57.750000,24.061781,64.440000,4.332292,2.791541,4.406202,1.840000,153.582827,63.990934,110.770000,46.152788,72.120000,108.685301,78.386388,31.990000,13.330000,83.594266,34.829904,42.840000,17.849467,51.250000,2.040410,1.045686,1705.380000,710.550000,126.240259,52.598537,89.400000,37.248888,70.820000,52.119407,36.909836,755.830000,314.920000,121.973507,50.820777,83.070000,34.611466,68.110000,24.858601,16.930814,1897.600000,790.640000,223.841867,93.264659,175.560000,73.147816,78.430000,29.532178,23.162292,116.840000,48.680000,69.808849,29.086152,43.470000,18.111959,62.270000,7.343456,4.572795
YTD2016,,,116.931950,,62.962974,,53.845826,,,,,90.091988,,40.477171,,44.928713,,,,,71.518214,,27.044777,,37.815230,,,,,73.059222,,24.177359,,33.092823,,,,,72.845118,,34.179108,,46.920245,,,,,101.818807,,21.232768,,20.853484,,,,,63.844730,,32.355208,,50.677962,,,,,81.970946,,26.037067,,31.763775,,,,,65.035939,,20.868728,,32.087993,,,,,72.662830,,34.614566,,47.637238,,,,,60.629518,,32.219597,,53.141767,,,,,78.870624,,32.498295,,41.204561,,,,,66.212732,,29.526587,,44.593518,,,,,56.387148,,27.574869,,48.902755,,,,,73.270503,,25.318944,,34.555439,,,,,76.554568,,35.980146,,46.999345,,,,,76.682988,,28.421396,,37.063496,,,,,97.491721,,51.103219,,52.418009,,,,,73.777500,,28.854335,,39.109938,,,,,89.322497,,35.222091,,39.432497,,,,,85.410241,,44.124489,,51.661825,,,,,75.081726,,29.990492,,39.943797,,,,,76.980753,,34.088251,,44.281525,,,,,123.715582,,63.773513,,51.548489,,,,,73.684963,,23.980781,,32.545013,,,,,107.225911,,55.153939,,51.437137,,,,,108.041341,,51.682387,,47.835751,,,,,165.392842,,91.727980,,55.460671,,,,,60.835451,,28.485859,,46.824439,,
YTD2017,,,120.715342,,65.326626,,54.116259,,,,,101.497619,,48.207781,,47.496465,,,,,73.229557,,31.019884,,42.359786,,,,,76.548486,,30.095774,,39.315962,,,,,75.223773,,41.571472,,55.263742,,,,,98.924788,,20.023249,,20.240881,,,,,66.605355,,37.333247,,56.051419,,,,,81.410993,,29.710798,,36.494823,,,,,66.119467,,22.663089,,34.275971,,,,,75.603286,,42.506297,,56.222817,,,,,64.013995,,38.071048,,59.473008,,,,,79.963223,,34.044700,,42.575447,,,,,67.118576,,32.932500,,49.066147,,,,,59.094594,,30.748112,,52.032023,,,,,76.058457,,22.361017,,29.399777,,,,,83.056771,,30.005567,,36.126576,,,,,79.754258,,28.867367,,36.195393,,,,,101.521608,,52.682200,,51.892597,,,,,76.707140,,28.491576,,37.143317,,,,,89.168460,,40.203552,,45.087189,,,,,88.665651,,45.247853,,51.031998,,,,,75.043141,,30.913023,,41.193669,,,,,80.779154,,36.464712,,45.141240,,,,,171.123853,,96.521072,,56.404219,,,,,75.034111,,24.138303,,32.169773,,,,,131.511261,,73.447070,,55.848503,,,,,121.812368,,65.047737,,53.399944,,,,,276.214462,,166.857466,,60.408664,,,,,62.696266,,31.944471,,50.951154,,


